{
  "model_name": "RandomForestClassifier",
  "model_type": "classification",
  "target_column": "Category",
  "target_classes": [
    "Adult content",
    "Animals",
    "Art/Artists",
    "Art/ArtistsBeauty",
    "Art/ArtistsCinema & Actors/actresses",
    "Art/ArtistsCinema & Actors/actressesMusic",
    "Art/ArtistsCinema & Actors/actressesShows",
    "Art/ArtistsFashionModeling",
    "Art/ArtistsFashionMusic",
    "Art/ArtistsShows",
    "Beauty",
    "BeautyArt/ArtistsCinema & Actors/actresses",
    "BeautyCinema & Actors/actresses",
    "BeautyCinema & Actors/actressesFashion",
    "BeautyCinema & Actors/actressesModeling",
    "BeautyFamilyLifestyle",
    "BeautyHumor & Fun & HappinessCinema & Actors/actresses",
    "BeautyLifestyle",
    "BeautyLifestyleFashion",
    "BeautyModelingAdult content",
    "BeautyModelingCinema & Actors/actresses",
    "Business & Careers",
    "Business & CareersFinance & Economics",
    "Cars & MotorbikesLuxury",
    "Cinema & Actors/actresses",
    "Cinema & Actors/actressesArt/Artists",
    "Cinema & Actors/actressesComics & sketches",
    "Cinema & Actors/actressesComics & sketchesShows",
    "Cinema & Actors/actressesFamily",
    "Cinema & Actors/actressesFashion",
    "Cinema & Actors/actressesFitness & Gym",
    "Cinema & Actors/actressesHumor & Fun & Happiness",
    "Cinema & Actors/actressesHumor & Fun & HappinessModeling",
    "Cinema & Actors/actressesLifestyle",
    "Cinema & Actors/actressesModeling",
    "Cinema & Actors/actressesModelingClothing & Outfits",
    "Cinema & Actors/actressesModelingFashion",
    "Cinema & Actors/actressesModelingLifestyle",
    "Cinema & Actors/actressesMusic",
    "Cinema & Actors/actressesMusicShows",
    "Cinema & Actors/actressesShows",
    "Clothing & OutfitsLifestyle",
    "Clothing & OutfitsMusic",
    "Computers & Gadgets",
    "Computers & GadgetsBusiness & Careers",
    "Computers & GadgetsMachinery & Technologies",
    "Computers & GadgetsPhotography",
    "EducationHumor & Fun & Happiness",
    "Family",
    "FamilyCinema & Actors/actresses",
    "FamilyLifestyle",
    "FamilyLifestyleCinema & Actors/actresses",
    "FamilyLifestyleShows",
    "FamilyMusic",
    "FamilyShows",
    "FamilySports with a ball",
    "Fashion",
    "FashionBeauty",
    "FashionCinema & Actors/actresses",
    "FashionLifestyleBeauty",
    "FashionModeling",
    "FashionModelingBeauty",
    "Finance & Economics",
    "Finance & EconomicsBusiness & Careers",
    "Finance & EconomicsBusiness & CareersFamily",
    "Fitness & Gym",
    "Fitness & GymLifestyle",
    "Fitness & GymShopping & RetailClothing & Outfits",
    "Food & Cooking",
    "Humor & Fun & Happiness",
    "Humor & Fun & HappinessCinema & Actors/actresses",
    "Humor & Fun & HappinessClothing & Outfits",
    "Humor & Fun & HappinessLifestyleBeauty",
    "Humor & Fun & HappinessShowsCinema & Actors/actresses",
    "Lifestyle",
    "LifestyleArt/Artists",
    "LifestyleBeauty",
    "LifestyleCinema & Actors/actresses",
    "LifestyleCinema & Actors/actressesModeling",
    "LifestyleCinema & Actors/actressesMusic",
    "LifestyleFamily",
    "LifestyleFashion",
    "LifestyleFashionClothing & Outfits",
    "LifestyleModeling",
    "LifestyleModelingCinema & Actors/actresses",
    "LifestyleModelingFashion",
    "LifestyleMusic",
    "LifestyleMusicArt/Artists",
    "LifestyleMusicCinema & Actors/actresses",
    "LifestyleMusicSports with a ball",
    "LifestylePhotography",
    "LifestyleShows",
    "LifestyleShowsComputers & Gadgets",
    "LifestyleSports with a ball",
    "Literature & JournalismBusiness & CareersFinance & Economics",
    "Literature & JournalismCinema & Actors/actresses",
    "Literature & JournalismFashion",
    "Literature & JournalismShows",
    "Literature & JournalismTrainers & Coaches",
    "Machinery & TechnologiesComputers & Gadgets",
    "Management & MarketingMusic",
    "Modeling",
    "ModelingBeauty",
    "ModelingCinema & Actors/actresses",
    "ModelingFamily",
    "ModelingFashion",
    "ModelingFashionLifestyle",
    "ModelingLifestyle",
    "ModelingLifestyleBeauty",
    "ModelingLifestyleFashion",
    "ModelingMusic",
    "Music",
    "MusicArt/Artists",
    "MusicArt/ArtistsCinema & Actors/actresses",
    "MusicBeauty",
    "MusicCinema & Actors/actresses",
    "MusicCinema & Actors/actressesFashion",
    "MusicCinema & Actors/actressesLifestyle",
    "MusicCinema & Actors/actressesModeling",
    "MusicClothing & Outfits",
    "MusicFamily",
    "MusicFashion",
    "MusicKids & Toys",
    "MusicLifestyle",
    "MusicModeling",
    "MusicModelingArt/Artists",
    "MusicShows",
    "Nature & landscapesSciencePhotography",
    "Photography",
    "PhotographyFashion",
    "PhotographyTravel",
    "Racing Sports",
    "ScienceMachinery & Technologies",
    "SciencePhotography",
    "Shows",
    "ShowsAdult content",
    "ShowsBeautyFamily",
    "ShowsCinema & Actors/actresses",
    "ShowsCinema & Actors/actressesLifestyle",
    "ShowsCinema & Actors/actressesModeling",
    "ShowsFamily",
    "ShowsHumor & Fun & Happiness",
    "ShowsLifestyle",
    "ShowsModeling",
    "ShowsMusic",
    "Sports with a ball",
    "Sports with a ballClothing & Outfits",
    "Sports with a ballFamily",
    "Sports with a ballLifestyle",
    "Sports with a ballLifestyleKids & Toys",
    "Sports with a ballLiterature & Journalism",
    "Sports with a ballShows",
    "TravelCinema & Actors/actresses",
    "_MISSING_"
  ],
  "n_features": 6,
  "n_samples_trained": 1000,
  "feature_order": [
    "Name",
    "Rank",
    "Followers",
    "Audience Country",
    "Authentic Engagement",
    "Engagement Avg."
  ],
  "features": [
    {
      "name": "Name",
      "dtype": "object",
      "is_numeric": false,
      "n_unique": 962,
      "categories": [
        "cristiano",
        "leomessi",
        "kendalljenner",
        "arianagrande",
        "zendaya",
        "kimkardashian",
        "taylorswift",
        "kyliejenner",
        "selenagomez",
        "thv"
      ]
    },
    {
      "name": "Rank",
      "dtype": "int64",
      "is_numeric": true,
      "n_unique": 1000,
      "min": 1.0,
      "max": 1000.0,
      "mean": 500.5
    },
    {
      "name": "Followers",
      "dtype": "object",
      "is_numeric": false,
      "n_unique": 415,
      "categories": [
        "462.9M",
        "347.2M",
        "247.6M",
        "321.4M",
        "147M",
        "323.6M",
        "218.2M",
        "357M",
        "334.9M",
        "46.3M"
      ]
    },
    {
      "name": "Audience Country",
      "dtype": "object",
      "is_numeric": false,
      "n_unique": 33,
      "categories": [
        "India",
        "Argentina",
        "United States",
        "Brazil",
        "Indonesia",
        NaN,
        "South Korea",
        "Mexico",
        "Russia",
        "France"
      ]
    },
    {
      "name": "Authentic Engagement",
      "dtype": "object",
      "is_numeric": false,
      "n_unique": 836,
      "categories": [
        "5.5M",
        "3.6M",
        "3M",
        "2.4M",
        "4.3M",
        "1.7M",
        "1.2M",
        "1.4M",
        "13.3M",
        "6.3M"
      ]
    },
    {
      "name": "Engagement Avg.",
      "dtype": "object",
      "is_numeric": false,
      "n_unique": 809,
      "categories": [
        "6.6M",
        "4.8M",
        "4.9M",
        "3.4M",
        "5.8M",
        "2.5M",
        "3.2M",
        "1.9M",
        "13.3M",
        "7.3M"
      ]
    }
  ],
  "metrics": {
    "accuracy": 0.27,
    "precision": 0.1948371037557514,
    "recall": 0.27,
    "f1_score": 0.21840735408382467,
    "problem_type": "classification"
  },
  "created_at": "2025-12-29T06:32:29.782973",
  "version": "1.0.0",
  "api_version": "v1"
}