{
  "model_name": "RandomForestClassifier",
  "model_type": "classification",
  "target_column": "Category",
  "target_info": {
    "name": "Category",
    "type": "categorical",
    "classes": [
      "Sports with a ball",
      "Sports with a ballFamily",
      "ModelingFashion",
      "Music",
      "Cinema & Actors/actressesFashion",
      "FashionBeauty",
      "FashionModelingBeauty",
      "MusicLifestyle",
      NaN,
      "Cinema & Actors/actresses",
      "Lifestyle",
      "MusicFashion",
      "Clothing & OutfitsLifestyle",
      "MusicBeauty",
      "Art/ArtistsCinema & Actors/actressesMusic",
      "Photography",
      "ModelingLifestyle",
      "MusicCinema & Actors/actresses",
      "Cinema & Actors/actressesFitness & Gym",
      "LifestyleFashionClothing & Outfits",
      "Beauty",
      "Art/Artists",
      "Finance & EconomicsBusiness & Careers",
      "Cinema & Actors/actressesMusic",
      "LifestyleShows",
      "Cinema & Actors/actressesModelingLifestyle",
      "ModelingLifestyleBeauty",
      "BeautyArt/ArtistsCinema & Actors/actresses",
      "Cinema & Actors/actressesLifestyle",
      "LifestyleMusic",
      "Modeling",
      "LifestyleModeling",
      "ModelingFamily",
      "SciencePhotography",
      "MusicModeling",
      "Cinema & Actors/actressesModeling",
      "Fitness & GymShopping & RetailClothing & Outfits",
      "BeautyModelingCinema & Actors/actresses",
      "Fitness & GymLifestyle",
      "Cinema & Actors/actressesShows",
      "ShowsHumor & Fun & Happiness",
      "Computers & Gadgets",
      "Cinema & Actors/actressesArt/Artists",
      "Humor & Fun & HappinessClothing & Outfits",
      "Nature & landscapesSciencePhotography",
      "Cinema & Actors/actressesMusicShows",
      "ShowsLifestyle",
      "LifestyleCinema & Actors/actresses",
      "LifestyleSports with a ball",
      "Racing Sports",
      "Sports with a ballLifestyle",
      "ShowsCinema & Actors/actresses",
      "FamilyMusic",
      "Food & Cooking",
      "MusicArt/ArtistsCinema & Actors/actresses",
      "FamilySports with a ball",
      "LifestyleArt/Artists",
      "Clothing & OutfitsMusic",
      "ModelingCinema & Actors/actresses",
      "ShowsAdult content",
      "Computers & GadgetsMachinery & Technologies",
      "FamilyLifestyle",
      "Shows",
      "PhotographyFashion",
      "BeautyCinema & Actors/actresses",
      "Humor & Fun & Happiness",
      "LifestyleCinema & Actors/actressesMusic",
      "BeautyFamilyLifestyle",
      "ShowsBeautyFamily",
      "Computers & GadgetsBusiness & Careers",
      "MusicCinema & Actors/actressesFashion",
      "Business & Careers",
      "MusicCinema & Actors/actressesModeling",
      "Art/ArtistsBeauty",
      "BeautyCinema & Actors/actressesModeling",
      "Family",
      "Management & MarketingMusic",
      "Cinema & Actors/actressesModelingClothing & Outfits",
      "MusicArt/Artists",
      "Cinema & Actors/actressesComics & sketchesShows",
      "MusicFamily",
      "MusicClothing & Outfits",
      "FashionCinema & Actors/actresses",
      "Finance & EconomicsBusiness & CareersFamily",
      "Art/ArtistsShows",
      "Fitness & Gym",
      "Cinema & Actors/actressesHumor & Fun & Happiness",
      "ModelingLifestyleFashion",
      "Sports with a ballShows",
      "Adult content",
      "LifestyleMusicCinema & Actors/actresses",
      "Cinema & Actors/actressesComics & sketches",
      "LifestyleBeauty",
      "FashionModeling",
      "Cars & MotorbikesLuxury",
      "LifestyleFamily",
      "MusicShows",
      "Sports with a ballClothing & Outfits",
      "BeautyLifestyle",
      "Literature & JournalismTrainers & Coaches",
      "Literature & JournalismShows",
      "MusicKids & Toys",
      "Fashion",
      "FamilyLifestyleShows",
      "Finance & Economics",
      "ShowsCinema & Actors/actressesLifestyle",
      "Cinema & Actors/actressesFamily",
      "BeautyCinema & Actors/actressesFashion",
      "Literature & JournalismBusiness & CareersFinance & Economics",
      "PhotographyTravel",
      "ModelingFashionLifestyle",
      "EducationHumor & Fun & Happiness",
      "MusicModelingArt/Artists",
      "FashionLifestyleBeauty",
      "LifestylePhotography",
      "FamilyCinema & Actors/actresses",
      "Art/ArtistsFashionModeling",
      "Art/ArtistsFashionMusic",
      "Humor & Fun & HappinessShowsCinema & Actors/actresses",
      "LifestyleShowsComputers & Gadgets",
      "ShowsFamily",
      "LifestyleMusicSports with a ball",
      "MusicCinema & Actors/actressesLifestyle",
      "FamilyShows",
      "Sports with a ballLifestyleKids & Toys",
      "ShowsMusic",
      "ShowsCinema & Actors/actressesModeling",
      "ModelingMusic",
      "ScienceMachinery & Technologies",
      "Sports with a ballLiterature & Journalism",
      "Machinery & TechnologiesComputers & Gadgets",
      "LifestyleCinema & Actors/actressesModeling",
      "LifestyleModelingFashion",
      "Cinema & Actors/actressesModelingFashion",
      "Cinema & Actors/actressesHumor & Fun & HappinessModeling",
      "BeautyModelingAdult content",
      "LifestyleModelingCinema & Actors/actresses",
      "Art/ArtistsCinema & Actors/actresses",
      "Business & CareersFinance & Economics",
      "FamilyLifestyleCinema & Actors/actresses",
      "Art/ArtistsCinema & Actors/actressesShows",
      "Animals",
      "BeautyLifestyleFashion",
      "ModelingBeauty",
      "LifestyleFashion",
      "ShowsModeling",
      "LifestyleMusicArt/Artists",
      "Humor & Fun & HappinessCinema & Actors/actresses",
      "Computers & GadgetsPhotography",
      "BeautyHumor & Fun & HappinessCinema & Actors/actresses",
      "Literature & JournalismCinema & Actors/actresses",
      "Literature & JournalismFashion",
      "Humor & Fun & HappinessLifestyleBeauty",
      "TravelCinema & Actors/actresses"
    ],
    "n_classes": 153
  },
  "n_features": 6,
  "n_samples_trained": 1000,
  "features": [
    {
      "name": "Name",
      "dtype": "object",
      "is_numeric": false,
      "is_categorical": true,
      "n_unique": 962,
      "null_percentage": 0.0,
      "categories": [
        "cristiano",
        "leomessi",
        "kendalljenner",
        "arianagrande",
        "zendaya",
        "kimkardashian",
        "taylorswift",
        "kyliejenner",
        "selenagomez",
        "thv",
        "lalalalisa_m",
        "jennierubyjane",
        "virat.kohli",
        "tomholland2013",
        "j.m",
        "agustd",
        "jin",
        "beyonce",
        "khloekardashian",
        "sooyaaa__"
      ]
    },
    {
      "name": "Rank",
      "dtype": "int64",
      "is_numeric": true,
      "is_categorical": false,
      "n_unique": 1000,
      "null_percentage": 0.0,
      "min": 1.0,
      "max": 1000.0,
      "mean": 500.5,
      "std": 288.8194360957494
    },
    {
      "name": "Followers",
      "dtype": "object",
      "is_numeric": false,
      "is_categorical": true,
      "n_unique": 415,
      "null_percentage": 0.0,
      "categories": [
        "462.9M",
        "347.2M",
        "247.6M",
        "321.4M",
        "147M",
        "323.6M",
        "218.2M",
        "357M",
        "334.9M",
        "46.3M",
        "79.9M",
        "68.2M",
        "206.9M",
        "67.6M",
        "38.1M",
        "36.5M",
        "37.4M",
        "267.4M",
        "260.4M",
        "62.1M"
      ]
    },
    {
      "name": "Audience Country",
      "dtype": "object",
      "is_numeric": false,
      "is_categorical": true,
      "n_unique": 33,
      "null_percentage": 1.4000000000000001,
      "categories": [
        "India",
        "Argentina",
        "United States",
        "Brazil",
        "Indonesia",
        "South Korea",
        "Mexico",
        "Russia",
        "France",
        "Italy",
        "Egypt",
        "Turkey",
        "Spain",
        "China",
        "Iran",
        "Colombia",
        "Philippines",
        "Poland",
        "Thailand",
        "United Kingdom"
      ]
    },
    {
      "name": "Authentic Engagement",
      "dtype": "object",
      "is_numeric": false,
      "is_categorical": true,
      "n_unique": 836,
      "null_percentage": 0.0,
      "categories": [
        "5.5M",
        "3.6M",
        "3M",
        "2.4M",
        "4.3M",
        "1.7M",
        "1.2M",
        "1.4M",
        "13.3M",
        "6.3M",
        "7M",
        "2.1M",
        "5.7M",
        "11.8M",
        "10.4M",
        "9.9M",
        "949.9K",
        "1.1M",
        "4.9M",
        "1.3M"
      ]
    },
    {
      "name": "Engagement Avg.",
      "dtype": "object",
      "is_numeric": false,
      "is_categorical": true,
      "n_unique": 809,
      "null_percentage": 0.0,
      "categories": [
        "6.6M",
        "4.8M",
        "4.9M",
        "3.4M",
        "5.8M",
        "2.5M",
        "3.2M",
        "1.9M",
        "13.3M",
        "7.3M",
        "8.3M",
        "2.4M",
        "7M",
        "11.8M",
        "10.4M",
        "9.9M",
        "1.3M",
        "1.4M",
        "5.6M",
        "3.1M"
      ]
    }
  ],
  "metrics": {
    "accuracy": 0.23,
    "precision": 0.1577524279871415,
    "recall": 0.23,
    "f1_score": 0.18274472166707706,
    "problem_type": "classification"
  },
  "created_at": "2025-12-28T17:36:21.673830",
  "version": "1.0.0"
}