{
  "numeric_columns": [
    "Rank"
  ],
  "categorical_columns": [
    "Name",
    "Followers",
    "Audience Country",
    "Authentic Engagement",
    "Engagement Avg."
  ],
  "encoders": {
    "Name": {
      "type": "LabelEncoder",
      "classes": [
        "03_hu",
        "21savage",
        "39saku_chan",
        "433",
        "5sos",
        "9gag",
        "__youngbae__",
        "_agentgirl_",
        "_imyour_joy",
        "_jeongjaehyun",
        "_mariahwasa",
        "_rl9",
        "_seorina",
        "_shotaroo_",
        "_zyozyo",
        "abdevilliers17",
        "aboflah",
        "achrafhakimi",
        "actorleeminho",
        "actorprabhas",
        "actorsuriya",
        "acunilicali",
        "adamsandler",
        "adamweitsman",
        "addisonraee",
        "adele",
        "adidasfootball",
        "adinross",
        "agustd",
        "ahmedabohashima",
        "aidanrgallagher",
        "aishwaryaraibachchan_arb",
        "akshaykumar",
        "albafloresoficial",
        "aleoliveiracm",
        "alexadellanos",
        "alexandradaddario",
        "alexis_officia1",
        "alexisren",
        "alfinetei",
        "aliaabhatt",
        "aliandooo",
        "alidaei",
        "aliiiiiiiikarimi8",
        "alishalehmann7",
        "allusnehareddy",
        "alok",
        "alvaromorata",
        "alvaromorte",
        "alvxaro",
        "alwaysramcharan",
        "amadorat",
        "amandacerny",
        "amauryguichon",
        "amin.hayai",
        "amitabhbachchan",
        "amybethmcnulty",
        "ana_d_armas",
        "anahi",
        "ananyapanday",
        "anas",
        "andreavaldirisos",
        "andresiniesta8",
        "angela_aguilar_",
        "angeldimariajm",
        "angelinajolie",
        "angeliqueboyer",
        "angelrai07",
        "anguscloud",
        "anirudhofficial",
        "anitta",
        "anjimaxuofficially",
        "annehathaway",
        "ansufati",
        "antogriezmann",
        "antonelaroccuzzo",
        "anuel",
        "anupamaparameswaran96",
        "anushkasen0408",
        "anushkasharma",
        "anwar",
        "apple",
        "arashi_5_official",
        "arianagrande",
        "arigameplays",
        "arishfakhan138",
        "arminzareeiofficial",
        "aron.piper",
        "arsenal",
        "arthuraguiar",
        "asabopp",
        "asala",
        "ashishchanchlani",
        "aslisona",
        "ateez_official_",
        "attahalilintar",
        "aurelie.hermansyah",
        "avani",
        "avengers",
        "avneetkaur_13",
        "avrillavigne",
        "awez_darbar",
        "badbunnypr",
        "bambam1a",
        "barackobama",
        "barbieferreira",
        "barstoolsports",
        "bbrightvc",
        "bclsinclair",
        "beautifuldestinations",
        "beberexha",
        "beingsalmankhan",
        "belindapop",
        "bellahadid",
        "bellapoarch",
        "bellathorne",
        "bernardokath",
        "beyonce",
        "bhadbhabie",
        "bhuvan.bam22",
        "bighit_ent",
        "billieeilish",
        "bizarrap",
        "blackpinkofficial",
        "bleacherreport",
        "blythe",
        "bn_sj2013",
        "borodylia",
        "bowerjamie",
        "bretmanrock",
        "brfootball",
        "briandadeyanara",
        "britneyspears",
        "brunamarquezine",
        "brycehall",
        "bts.bighitofficial",
        "bumkeyk",
        "burakozcivit",
        "burcuozberk",
        "bypamella",
        "c.syresmith",
        "calumhood",
        "camila_cabello",
        "camilo",
        "camimendes",
        "candiceking",
        "canelo",
        "canyaman",
        "caradelevingne",
        "carlinhosmaiaof",
        "carryminati",
        "casemiro",
        "catherinemcbroom",
        "caviarmagnat",
        "cbum",
        "celestinegonzaga",
        "centralcee",
        "chaeyo.0",
        "champagnepapi",
        "championsleague",
        "charles_leclerc",
        "charlidamelio",
        "charlieputh",
        "chelseafc",
        "chiaraferragni",
        "chloegmoretz",
        "choi_seung_hyun_tttop",
        "chrisbrownofficial",
        "chrisevans",
        "chrishemsworth",
        "chrismcg",
        "ciara",
        "clean_0828",
        "cocielo",
        "coldplay",
        "cole.labrant",
        "colesprouse",
        "conangray",
        "coolio_daryl",
        "corinnakopf",
        "courteneycoxofficial",
        "cristiano",
        "cvillaloboss",
        "cznburak",
        "d_degeaofficial",
        "dababy",
        "daddyyankee",
        "dagelan",
        "dahhyunnee",
        "danbilzerian",
        "dance_malyshka_offi",
        "dannapaola",
        "daquan",
        "darshanravaldz",
        "dava_m",
        "davidalaba",
        "davidbeckham",
        "davido",
        "davikah",
        "dbook",
        "ddlovato",
        "dean.schneider",
        "dear.zia",
        "dearra",
        "deepikapadukone",
        "deiveleonardo",
        "dejesusoficial",
        "demetozdemir",
        "demirose",
        "dew_jsu",
        "dhanushkraja",
        "dindahw",
        "dishapatani",
        "divyankatripathidahiya",
        "dixiedamelio",
        "djsnake",
        "djxiao_888",
        "dk_is_dokyeom",
        "dkharbour",
        "dlwlrma",
        "dntlrdl",
        "do0_nct",
        "dojacat",
        "domelipa",
        "donya",
        "dorra_zarrouk",
        "dovecameron",
        "dqsalmaan",
        "dra.deolanebezerra",
        "dualipa",
        "dudewithsign",
        "duki",
        "dylanminnette",
        "dylansprouse",
        "e_milygarcia",
        "easportsfifa",
        "easymoneysniper",
        "eda.ece",
        "egorkreed",
        "egupta",
        "eilirjani",
        "elcinsangu",
        "elliotpage",
        "elmarianaa",
        "elrodrigocontreras",
        "elrubiuswtf",
        "emiliamernes",
        "eminem",
        "emmachamberlain",
        "emmaroberts",
        "emrata",
        "enhypen",
        "erling.haaland",
        "esbilgic",
        "ester_exposito",
        "eunwo.o_c",
        "euphoria",
        "evaluna",
        "evcenf",
        "everyone_woo",
        "ewsbdi",
        "f1",
        "fabriziorom",
        "fadiljaidi",
        "faz3",
        "fcbarcelona",
        "fcbayern",
        "fedeevalverde",
        "fedez",
        "feliciathegoat",
        "felicyangelista_",
        "felipeneto",
        "fernandasouzaoficial",
        "ferozekhan",
        "filiperet",
        "finnwolfhardofficial",
        "floydmayweather",
        "for_everyoung10",
        "fortnite",
        "francinyehlke",
        "frenkiedejong",
        "friends",
        "fuckjerry",
        "fuji_an",
        "funnymike",
        "gabigol",
        "gal_gadot",
        "galatasaray",
        "garciajoshuae",
        "garethbale11",
        "gatenm123",
        "geewonii",
        "georgenotfound",
        "georginagio",
        "gessicakayane",
        "gianlucavacchi",
        "gigihadid",
        "gildovigor",
        "gima_ashi",
        "gioewbank",
        "gisele",
        "goar_avetisyan",
        "golfarahani",
        "greeicy",
        "grefg_official",
        "grisha_eric",
        "gururandhawa",
        "gusttavolima",
        "hadise",
        "haifawehbe",
        "haileesteinfeld",
        "haileybieber",
        "hakkiakdenizz",
        "handemiyy",
        "hanhyojoo222",
        "hank_says_hank",
        "hannahstocking",
        "hardikpandya93",
        "harrystyles",
        "harshbeniwal",
        "hassan_reyvandi",
        "hazalkaya",
        "hazardeden_10",
        "hegdepooja",
        "henrycavill",
        "hero_ft",
        "heybiblee",
        "hi_high_hiy",
        "hi_sseulgi",
        "hitocaesar",
        "hm_son7",
        "ho5hi_kwon",
        "holyhaein",
        "hoooooyeony",
        "hrithikroshan",
        "hshq",
        "huddy",
        "humansofny",
        "hunterschafer",
        "hyeri_0609",
        "hyunah_aa",
        "i_m_hendery",
        "i_nivethathomas",
        "iam_linyi",
        "iambeckyg",
        "iamcardib",
        "iamferv",
        "iamhalsey",
        "iammichelemorroneofficial",
        "iampauloandre",
        "iamsrk",
        "iamyanetgarcia",
        "iamzlatanibrahimovic",
        "iansomerhalder",
        "ibaillanos",
        "ileana_official",
        "imcryansp",
        "imhyoseop",
        "imouniroy",
        "imsebastianstan",
        "indiancricketteam",
        "indiaroyale",
        "instagram",
        "iqbaal.e",
        "irinashayk",
        "isaias",
        "iscoalarcon",
        "issavegas",
        "itsmarziapie",
        "itzy.all.in.us",
        "iynemliarasbulut",
        "j.m",
        "jackblack",
        "jackharlow",
        "jacksepticeye",
        "jacksonwang852g7",
        "jacquelinef143",
        "jadenhossler",
        "jadepicon",
        "jadethirlwall",
        "jailyneojeda",
        "jairmessiasbolsonaro",
        "jamescharles",
        "jamesrodriguez10",
        "jamorant",
        "janhvikapoor",
        "jannatzubair29",
        "jaredleto",
        "jasonstatham",
        "jaspritb1",
        "jaybnow.hr",
        "jbalvin",
        "jenna_chew",
        "jennaortega",
        "jennierubyjane",
        "jennifer.garner",
        "jenniferaniston",
        "jenniferwinget1",
        "jensenackles",
        "jeremyrenner",
        "jeromepolin",
        "jessica.syj",
        "jessicah_o",
        "jessicajane99",
        "jessnolimit",
        "jharden13",
        "jhope_bighitentertainment",
        "jichangwook",
        "jimena.jimenezr",
        "jimin_bighitentertainment",
        "jimmyfallon",
        "jin",
        "jin_bighitentertainment",
        "jinyoung_0922jy",
        "jlo",
        "joaogomescantor",
        "joaoguilherme",
        "joelocke03",
        "joeyking",
        "johnnydepp",
        "johnnyjsuh",
        "jojotodynho",
        "jokowi",
        "jongsuk0206",
        "jordialbaoficial",
        "jorgelopez_as",
        "josephquinn",
        "joshrichards",
        "joshu_acoustic",
        "juandediospantoja",
        "juanpazurita",
        "juansguarnizo",
        "juki_lop",
        "julesleblanc",
        "julienco_",
        "juliette",
        "juliopfernandez",
        "jungkook.97",
        "jungkook_bighitentertainment",
        "justinbieber",
        "justintimberlake",
        "juventus",
        "jxxvvxxk",
        "jy_piece",
        "k.kbeom",
        "k.mbappe",
        "kaka",
        "kaliuchis",
        "kapilsharma",
        "kareenakapoorkhan",
        "karelyruiz",
        "karimbenzema",
        "karna.val",
        "karolg",
        "karrrambaby",
        "kartikaaryan",
        "kashikakapoor09",
        "katrinakaif",
        "katyperry",
        "kawtarbamo",
        "kaylanicolejones",
        "keerthysureshofficial",
        "kehlani",
        "kendalljenner",
        "keniaos",
        "kentooyamazaki",
        "kenzie",
        "kevindebruyne",
        "kevinhart4real",
        "khabib_nurmagomedov",
        "khaby00",
        "khloekardashian",
        "kiaraaliaadvani",
        "kikakim",
        "kimberly.loaiza",
        "kimjuncotton",
        "kimkardashian",
        "kingbach",
        "kingjames",
        "kingryan",
        "kit.connor",
        "klaythompson",
        "klrahul",
        "kourtneykardash",
        "krisjenner",
        "krithi.shetty_official",
        "kritisanon",
        "ksi",
        "kto_takaya",
        "kun11xd",
        "kunaguero",
        "kyliejenner",
        "kyo1122",
        "kyrieirving",
        "l7nnon",
        "la_beaute_africaine",
        "lacasadepapel",
        "lacikaysomers",
        "ladygaga",
        "lalalalisa_m",
        "lanarhoades",
        "larasilva",
        "larissamanoela",
        "larray",
        "layzhang",
        "ldh_sky",
        "leaelui",
        "leedongwook_official",
        "leighannepinnock",
        "lelepons",
        "leomessi",
        "leonardodicaprio",
        "ler_chek",
        "lestykejora",
        "letthelordbewithyou",
        "lewishamilton",
        "lexibrookerivera",
        "liamhemsworth",
        "liampayne",
        "lilbaby",
        "lildurk",
        "lilireinhart",
        "lilnasx",
        "liltjay",
        "liluzivert",
        "lilyjcollins",
        "litkillah",
        "littlemix",
        "liverpoolfc",
        "lizakoshy",
        "lizasoberano",
        "lizgillz",
        "lizzobeeating",
        "loganpaul",
        "lomon991111",
        "loud_babi",
        "loud_victor",
        "louispartridge_",
        "louist91",
        "luara",
        "lucasranngel",
        "lucianohuck",
        "lucyhale",
        "ludmilla",
        "luisasonza",
        "luisitocomunica",
        "luissuarez9",
        "lukamodric10",
        "luvadepedreiro",
        "lynaritaa",
        "m.by__sana",
        "m10_official",
        "m_kayoung",
        "machinegunkelly",
        "maddieziegler",
        "madelame",
        "madelyncline",
        "madhuridixitnene",
        "madisonbaileybabe",
        "madisonbeer",
        "madonna",
        "mahnaz_afshar",
        "maisa",
        "maluma",
        "malutrevejo",
        "manchesterunited",
        "maneskinofficial",
        "manurios",
        "marcelotwelve",
        "marcoasensio10",
        "marcusrashford",
        "mariaalice",
        "mariabecerra",
        "mariapedraza_",
        "marimaria",
        "markiplier",
        "markruffalo",
        "marktuan",
        "marshmello",
        "marvel",
        "marvelstudios",
        "massafera",
        "mathildtantot",
        "mattyperry4",
        "maudeapatow",
        "maudyayunda",
        "maya_hawke",
        "mclomaofficial",
        "meganfox",
        "melissabenoist",
        "melissamelmaia",
        "melo",
        "memezar",
        "memphisdepay",
        "miakhalifa",
        "miamalkova",
        "michelleobama",
        "miguel.g.herran",
        "miketyson",
        "milad_khahhh",
        "mileycyrus",
        "milliebobbybrown",
        "min.nicha",
        "min9yu_k",
        "mina_sr_my",
        "mingue.k",
        "mirandacosgrove",
        "mirella",
        "missasinfonia",
        "mo.on_air",
        "mohanshakti",
        "momo",
        "mont.pantoja",
        "mosalah",
        "mr_faisu_07",
        "mrancelotti",
        "mrbeast",
        "ms.sethii",
        "ms_puiyi",
        "mterstegen1",
        "na.jaemin0813",
        "nabilla",
        "nadin_serovski",
        "nadine.nassib.njeim",
        "naileadevora",
        "narendramodi",
        "narins_beauty",
        "nasa",
        "natalee.007",
        "natashawilona12",
        "natgeo",
        "nattinatasha",
        "nayeonyny",
        "nazormaya",
        "nazriyafahadh",
        "nba",
        "ncentineo",
        "nct",
        "nct127",
        "nct_dream",
        "nehakakkar",
        "nehasharmaofficial",
        "nessabarrett",
        "netflix",
        "netflixbrasil",
        "neymarjr",
        "niallhoran",
        "nianaguerrero",
        "nicki.nicole",
        "nickiminaj",
        "nickjonas",
        "nickyjam",
        "nicolebahls",
        "nidhhiagerwal",
        "nike",
        "nikefootball",
        "nikitadragun",
        "nimratkhairaofficial",
        "nina",
        "nita_shilimkar",
        "noahbeck",
        "noahschnapp",
        "nobru",
        "nodal",
        "noorstars",
        "norafatehi",
        "normani",
        "nusr_et",
        "o.dembele7",
        "obj",
        "offsetyrn",
        "oliviarodrigo",
        "onwardwanna",
        "onyourm__ark",
        "oohsehun",
        "oprah",
        "otabek_muhammadalievich",
        "pablogavi",
        "pandorakaaki",
        "parineetichopra",
        "parishilton",
        "paulodybala",
        "paulolondra",
        "paulpogba",
        "paulwalker",
        "paulwesley",
        "pefabiodemelo",
        "perrieedwards",
        "perspolis",
        "pewdiepie",
        "peytonlist",
        "pharrell",
        "phil.coutinho",
        "philfoden",
        "phoebejtonkin",
        "piyanka_mongia",
        "pledis_boos",
        "pokimanelol",
        "polo.capalot",
        "pooorblack",
        "postmalone",
        "pozevidalouca",
        "prattprattpratt",
        "premierleague",
        "princessyahrini",
        "priyankaamohanofficial",
        "priyankachopra",
        "psg",
        "pubity",
        "pugachevmark",
        "quavohuncho",
        "raashiikhanna",
        "rachel_mypark",
        "rafaelnadal",
        "rahulkl",
        "rakulpreet",
        "ranveersingh",
        "raphaelvarane",
        "rashmika_mandanna",
        "rauwalejandro",
        "realbarbarapalvin",
        "realhinakhan",
        "realmadrid",
        "realstraykids",
        "rebelwilson",
        "regejean",
        "renebaebae",
        "residente",
        "rezagolzar",
        "riaricis1795",
        "ridwankamil",
        "riyadmahrez26.7",
        "riyaz.14",
        "rkive",
        "robertdowneyjr",
        "roberto_firmino",
        "roddyricch",
        "rodridepaul",
        "rogerfederer",
        "rohitsharma45",
        "rohittt_09_",
        "romeestrijd",
        "romeosantos",
        "ronaldinho",
        "ronaldo",
        "rosalia.vt",
        "roses_are_rosie",
        "ross_lynch",
        "rossbutler",
        "rubyrose",
        "rudeth",
        "sabinahidalgo",
        "sabrinacarpenter",
        "sachintendulkar",
        "sadiesink_",
        "sadiomaneofficiel",
        "sagar_pop02",
        "saharghoreyshiofficialpage",
        "saipallavi.senthamarai",
        "salmahayek",
        "samantharuthprabhuoffl",
        "samoylovaoxana",
        "samsmith",
        "sanchooo10",
        "sandrinna_11",
        "saraalikhan95",
        "sav.labrant",
        "saweetie",
        "saythename_17",
        "sebastianyatra",
        "selenagomez",
        "serenayss",
        "sergioramos",
        "serna_amini",
        "shahidkapoor",
        "shahinsamadpoor",
        "shakira",
        "shawnmendes",
        "shaymitchell",
        "shehnaazgill",
        "shraddhakapoor",
        "shreyaghoshal",
        "sidhu_moosewala",
        "sidmalhotra",
        "simoneses",
        "simonettalein",
        "sinavaliollah",
        "sincerooficial",
        "sivakarthikeyan",
        "skaijackson",
        "skuukzky",
        "smriti_mandhana",
        "snoopdogg",
        "sofiaalcastro",
        "sommerray",
        "somsomi0309",
        "sonamkapoor",
        "songkang_b",
        "sonu_sood",
        "soohyun_k216",
        "sooyaaa__",
        "sooyoungchoi",
        "sophiedee",
        "soueunavida",
        "sound_of_coups",
        "soydannyalfaro",
        "soyneiva",
        "spacex",
        "sportscenter",
        "srinidhi_shetty",
        "ssinz7",
        "staskaranikolaou",
        "stebinben",
        "stephencurry30",
        "sthefanematos",
        "strangerthingstv",
        "streetartglobe",
        "subo_m",
        "suga_bighitentertainment",
        "sugaringcandy",
        "sunnyleone",
        "superm",
        "superstar_dewasi99",
        "supremo_dp",
        "sushitrash",
        "sydney_sweeney",
        "syifahadjureal",
        "sza",
        "taehyung.bighitentertainment",
        "taeoxo_nct",
        "taeyeon_ss",
        "taina",
        "tamannaahspeaks",
        "tamerhosny",
        "tammyhembrow",
        "tatawerneck",
        "taylor_hill",
        "taylorswift",
        "teddysphotos",
        "tejasswiprakash",
        "tenlee_1001",
        "teyanataylor",
        "thariqhalilintar",
        "theamitbhadana",
        "thebursin",
        "thedeverakonda",
        "theellenshow",
        "theestallion",
        "thehughjackman",
        "themermaidscales",
        "thenameisyash",
        "thenewclassic",
        "thenotoriousmma",
        "therealcalebmclaughlin",
        "therealjosephmorgan",
        "therock",
        "theshilpashetty",
        "theslumpgod",
        "theweeknd",
        "thiago6",
        "thibautcourtois",
        "thinkaboutzu",
        "thv",
        "tiagopzk",
        "tiffanyyoungofficial",
        "tigerjackieshroff",
        "tinistoessel",
        "todayis_wendy",
        "tohi",
        "tombrady",
        "tomhardy",
        "tomholland2013",
        "tommyinnit",
        "tomo.y9",
        "toni.kr8s",
        "toniruediger",
        "tontawan",
        "travisbarker",
        "travisscott",
        "trentarnold66",
        "trippieredd",
        "troyesivan",
        "twicetagram",
        "txt_bighit",
        "tyga",
        "uarmyhope",
        "urassayas",
        "urstrulymahesh",
        "ursulolita",
        "urvashirautela",
        "valentinazenere",
        "valeyellow46",
        "vancityreynolds",
        "vanessabryant",
        "vanessahudgens",
        "vanessalopesr_",
        "vanessamorgan",
        "varundvn",
        "veradijkmans",
        "vernonline",
        "vicdeangelis",
        "vickykaushal09",
        "victoriajustice",
        "viihtube",
        "vikkialchester",
        "vindiesel",
        "vinijr",
        "vinniehacker",
        "violets.tv",
        "virat.kohli",
        "virgilvandijk",
        "voguemagazine",
        "vousmevoyez",
        "wanda_nara",
        "warriors",
        "watanabenaomi703",
        "wayvofficial",
        "wdohwan",
        "weareone.exo",
        "whinderssonnunes",
        "wi__wi__wi",
        "wikkiofficial",
        "wilbursoot",
        "willevy",
        "willyrex",
        "winmetawin",
        "wizkhalifa",
        "wizkidayo",
        "wolfiecindy",
        "wwiinn_7",
        "xavi",
        "xbox",
        "xeesoxee",
        "xsqueezie",
        "xuminghao_o",
        "xxxibgdrgn",
        "yamigautam",
        "yangyang_x2",
        "yaocabrera",
        "yasmine_sabri",
        "yawnzzn",
        "yefersoncossio",
        "yejinhand",
        "yellow_3to3",
        "yerimiese",
        "yg_treasure_official",
        "yoona__lim",
        "yooncy1",
        "you_r_love",
        "youngdae0302",
        "yugyeom",
        "yuu_taa_1026",
        "yuyacst",
        "zacefron",
        "zachking",
        "zayn",
        "zefelipecantor",
        "zendaya",
        "zidane",
        "zkdlin",
        "zo",
        "zoeisabellakravitz"
      ]
    },
    "Followers": {
      "type": "LabelEncoder",
      "classes": [
        "1.6M",
        "10.1M",
        "10.2M",
        "10.3M",
        "10.4M",
        "10.5M",
        "10.6M",
        "10.7M",
        "10.8M",
        "10.9M",
        "104.3M",
        "10M",
        "11.1M",
        "11.2M",
        "11.3M",
        "11.4M",
        "11.5M",
        "11.6M",
        "11.7M",
        "11.8M",
        "11.9M",
        "110M",
        "115.1M",
        "116.6M",
        "11M",
        "12.1M",
        "12.2M",
        "12.3M",
        "12.4M",
        "12.5M",
        "12.6M",
        "12.7M",
        "12.8M",
        "12.9M",
        "121.8M",
        "123.7M",
        "127.4M",
        "12M",
        "13.1M",
        "13.2M",
        "13.3M",
        "13.4M",
        "13.5M",
        "13.6M",
        "13.7M",
        "13.8M",
        "13.9M",
        "136.3M",
        "137.3M",
        "13M",
        "14.1M",
        "14.2M",
        "14.3M",
        "14.4M",
        "14.5M",
        "14.6M",
        "14.7M",
        "14.8M",
        "14.9M",
        "147M",
        "148.8M",
        "14M",
        "15.1M",
        "15.2M",
        "15.3M",
        "15.4M",
        "15.5M",
        "15.6M",
        "15.7M",
        "15.8M",
        "15.9M",
        "15M",
        "16.1M",
        "16.2M",
        "16.3M",
        "16.4M",
        "16.5M",
        "16.6M",
        "16.7M",
        "16.8M",
        "16.9M",
        "167.2M",
        "16M",
        "17.1M",
        "17.2M",
        "17.3M",
        "17.4M",
        "17.5M",
        "17.7M",
        "17.8M",
        "17.9M",
        "176.2M",
        "178.2M",
        "17M",
        "18.1M",
        "18.3M",
        "18.4M",
        "18.5M",
        "18.6M",
        "18.7M",
        "18.8M",
        "18.9M",
        "189M",
        "18M",
        "19.1M",
        "19.2M",
        "19.3M",
        "19.4M",
        "19.5M",
        "19.6M",
        "19.7M",
        "19.8M",
        "19.9M",
        "197.8M",
        "19M",
        "2.5M",
        "2.6M",
        "2.9M",
        "20.1M",
        "20.2M",
        "20.4M",
        "20.5M",
        "20.6M",
        "20.7M",
        "20.9M",
        "206.9M",
        "20M",
        "21.1M",
        "21.2M",
        "21.3M",
        "21.4M",
        "21.5M",
        "21.6M",
        "21.7M",
        "21.9M",
        "217.5M",
        "218.2M",
        "21M",
        "22.1M",
        "22.2M",
        "22.3M",
        "22.4M",
        "22.5M",
        "22.6M",
        "22.7M",
        "22.9M",
        "227.6M",
        "22M",
        "23.1M",
        "23.3M",
        "23.4M",
        "23.5M",
        "23.6M",
        "23.9M",
        "232.2M",
        "23M",
        "24.1M",
        "24.2M",
        "24.3M",
        "24.4M",
        "24.5M",
        "24.6M",
        "24.7M",
        "24.8M",
        "24.9M",
        "245.9M",
        "247.6M",
        "24M",
        "25.3M",
        "25.4M",
        "25.5M",
        "25.7M",
        "25.8M",
        "25.9M",
        "25M",
        "26.1M",
        "26.5M",
        "26.6M",
        "26.7M",
        "26.8M",
        "260.4M",
        "267.4M",
        "26M",
        "27.1M",
        "27.2M",
        "27.3M",
        "27.4M",
        "27.5M",
        "27.7M",
        "27.8M",
        "27.9M",
        "27M",
        "28.4M",
        "28.5M",
        "28.8M",
        "28.9M",
        "29.1M",
        "29.2M",
        "29.3M",
        "29.4M",
        "29.5M",
        "29.7M",
        "29.8M",
        "29M",
        "3.1M",
        "3.2M",
        "3.4M",
        "3.5M",
        "3.6M",
        "3.7M",
        "3.8M",
        "3.9M",
        "30.1M",
        "30.2M",
        "30.4M",
        "30.5M",
        "30.7M",
        "30M",
        "31.3M",
        "31.5M",
        "31.8M",
        "32.3M",
        "32.8M",
        "32.9M",
        "321.4M",
        "323.6M",
        "327.3M",
        "32M",
        "33.1M",
        "33.3M",
        "33.5M",
        "33.7M",
        "33.8M",
        "334.9M",
        "34.2M",
        "34.3M",
        "34.5M",
        "34.8M",
        "347.2M",
        "35.1M",
        "35.2M",
        "35.3M",
        "35.4M",
        "35.9M",
        "357M",
        "36.2M",
        "36.4M",
        "36.5M",
        "36M",
        "37.4M",
        "37M",
        "38.1M",
        "38.4M",
        "38.9M",
        "38M",
        "39.5M",
        "39.6M",
        "39.7M",
        "39M",
        "3M",
        "4.1M",
        "4.2M",
        "4.3M",
        "4.4M",
        "4.5M",
        "4.6M",
        "4.7M",
        "4.8M",
        "4.9M",
        "40.1M",
        "40.3M",
        "40.4M",
        "40.7M",
        "41.2M",
        "41.4M",
        "41.6M",
        "42M",
        "43.1M",
        "43.2M",
        "43.3M",
        "43.4M",
        "43.5M",
        "43.8M",
        "43M",
        "44.1M",
        "44.5M",
        "44.7M",
        "44M",
        "45.2M",
        "45.8M",
        "45.9M",
        "46.1M",
        "46.2M",
        "46.3M",
        "46.4M",
        "46.9M",
        "462.9M",
        "47.4M",
        "47.7M",
        "47.8M",
        "48.1M",
        "48.9M",
        "49.7M",
        "49.8M",
        "49M",
        "4M",
        "5.1M",
        "5.2M",
        "5.3M",
        "5.4M",
        "5.5M",
        "5.6M",
        "5.7M",
        "5.8M",
        "5.9M",
        "50.3M",
        "50.6M",
        "50.8M",
        "51.9M",
        "52.1M",
        "52.3M",
        "52.8M",
        "528.4M",
        "53.1M",
        "53.2M",
        "53.6M",
        "53.9M",
        "53M",
        "54.2M",
        "54.5M",
        "54.6M",
        "54.7M",
        "54M",
        "55.1M",
        "55.9M",
        "57.2M",
        "57.9M",
        "58.2M",
        "58.6M",
        "59.3M",
        "59M",
        "5M",
        "6.1M",
        "6.2M",
        "6.3M",
        "6.4M",
        "6.5M",
        "6.6M",
        "6.7M",
        "6.8M",
        "6.9M",
        "61.2M",
        "61M",
        "62.1M",
        "62.2M",
        "62.6M",
        "62.7M",
        "62.9M",
        "64.4M",
        "65.4M",
        "65.5M",
        "65.6M",
        "66M",
        "67.2M",
        "67.4M",
        "67.6M",
        "67.8M",
        "68.2M",
        "69.4M",
        "69M",
        "6M",
        "7.1M",
        "7.2M",
        "7.3M",
        "7.4M",
        "7.5M",
        "7.6M",
        "7.7M",
        "7.8M",
        "7.9M",
        "70.4M",
        "72.4M",
        "73.4M",
        "74.5M",
        "74.6M",
        "74.9M",
        "75.6M",
        "78.6M",
        "79.9M",
        "7M",
        "8.1M",
        "8.2M",
        "8.3M",
        "8.4M",
        "8.5M",
        "8.6M",
        "8.7M",
        "8.8M",
        "8.9M",
        "80.2M",
        "81.7M",
        "83.8M",
        "85.1M",
        "8M",
        "9.1M",
        "9.2M",
        "9.3M",
        "9.4M",
        "9.5M",
        "9.6M",
        "9.7M",
        "9.8M",
        "9.9M",
        "95.7M",
        "9M"
      ]
    },
    "Audience Country": {
      "type": "LabelEncoder",
      "classes": [
        "Albania",
        "Algeria",
        "Argentina",
        "Brazil",
        "Chile",
        "China",
        "Colombia",
        "Egypt",
        "France",
        "Germany",
        "India",
        "Indonesia",
        "Iran",
        "Iraq",
        "Italy",
        "Japan",
        "Kazakhstan",
        "Mexico",
        "Morocco",
        "Nigeria",
        "Pakistan",
        "Philippines",
        "Poland",
        "Russia",
        "Senegal",
        "South Korea",
        "Spain",
        "Syria",
        "Thailand",
        "Turkey",
        "United Arab Emirates",
        "United Kingdom",
        "United States",
        "_MISSING_"
      ]
    },
    "Authentic Engagement": {
      "type": "LabelEncoder",
      "classes": [
        "0",
        "1.1M",
        "1.2M",
        "1.3M",
        "1.4M",
        "1.5M",
        "1.6M",
        "1.7M",
        "1.8M",
        "1.9M",
        "10.4M",
        "100.2K",
        "100.5K",
        "100K",
        "101.3K",
        "101.6K",
        "102.1K",
        "102.8K",
        "102K",
        "104.2K",
        "104.7K",
        "105.1K",
        "105.7K",
        "105.8K",
        "105K",
        "106.3K",
        "108.8K",
        "109.2K",
        "109.3K",
        "109.8K",
        "11.8M",
        "110.9K",
        "111.7K",
        "112.1K",
        "112.8K",
        "112.9K",
        "113.4K",
        "113.6K",
        "113.7K",
        "113K",
        "114.5K",
        "114.9K",
        "115.9K",
        "116.5K",
        "116.6K",
        "116.7K",
        "116.9K",
        "117.5K",
        "117.6K",
        "119.2K",
        "119.3K",
        "119.7K",
        "119.8K",
        "119.9K",
        "120K",
        "121.2K",
        "123.5K",
        "123.9K",
        "123K",
        "124.3K",
        "125.7K",
        "125K",
        "126.4K",
        "126.7K",
        "126.8K",
        "126.9K",
        "127.7K",
        "127.8K",
        "128.2K",
        "128.6K",
        "129.4K",
        "13.3M",
        "130.5K",
        "130.6K",
        "131.1K",
        "132.3K",
        "132.9K",
        "133.2K",
        "134.3K",
        "134.5K",
        "134.8K",
        "135.4K",
        "135.8K",
        "135K",
        "137.3K",
        "137.5K",
        "137.6K",
        "137.9K",
        "138.3K",
        "139.1K",
        "141.3K",
        "141.4K",
        "142.1K",
        "143.1K",
        "143.2K",
        "144.5K",
        "144.6K",
        "144.7K",
        "145.3K",
        "145.4K",
        "145.7K",
        "145.8K",
        "146.6K",
        "147.4K",
        "147.5K",
        "147.9K",
        "148.1K",
        "148.3K",
        "148.4K",
        "149.1K",
        "149.9K",
        "150.1K",
        "150.8K",
        "151.1K",
        "151.5K",
        "151.6K",
        "151.7K",
        "152.6K",
        "154.5K",
        "155.5K",
        "156.2K",
        "156.3K",
        "157.3K",
        "157.9K",
        "158.2K",
        "158.6K",
        "159.1K",
        "159.3K",
        "159.5K",
        "160.1K",
        "160.2K",
        "160.8K",
        "161.5K",
        "161.6K",
        "161.7K",
        "163.6K",
        "163.7K",
        "163.9K",
        "164.4K",
        "164.7K",
        "165.2K",
        "165.6K",
        "166.3K",
        "166K",
        "167.2K",
        "167.3K",
        "167.8K",
        "167K",
        "168.8K",
        "169K",
        "170.1K",
        "170.9K",
        "171.7K",
        "172.6K",
        "173.1K",
        "173.4K",
        "173.6K",
        "173.7K",
        "173.9K",
        "174.7K",
        "174.8K",
        "175.2K",
        "175.8K",
        "176.1K",
        "176.7K",
        "177.1K",
        "177.6K",
        "177K",
        "178.9K",
        "179.2K",
        "179.7K",
        "179.8K",
        "180.6K",
        "180.7K",
        "180.9K",
        "182.8K",
        "184.4K",
        "184.6K",
        "184.7K",
        "185.5K",
        "185.8K",
        "186.1K",
        "186.2K",
        "186.4K",
        "186.6K",
        "186.7K",
        "188.4K",
        "188.5K",
        "189.9K",
        "190.2K",
        "190.3K",
        "190.8K",
        "190.9K",
        "191.5K",
        "192.2K",
        "192.5K",
        "193.5K",
        "193.9K",
        "194.8K",
        "194K",
        "195.5K",
        "195.7K",
        "196.2K",
        "196.6K",
        "198.4K",
        "198.6K",
        "198.7K",
        "199.6K",
        "1M",
        "2.1M",
        "2.2M",
        "2.3M",
        "2.4M",
        "2.6M",
        "2.7M",
        "2.8M",
        "20.6K",
        "201.1K",
        "201.4K",
        "202.3K",
        "202.5K",
        "202.7K",
        "202.8K",
        "204.1K",
        "204.3K",
        "204.4K",
        "204.9K",
        "205.3K",
        "205.4K",
        "207.2K",
        "207.3K",
        "208.6K",
        "210.5K",
        "210.6K",
        "211.1K",
        "211.6K",
        "211.9K",
        "212.2K",
        "212K",
        "213.2K",
        "213.8K",
        "213.9K",
        "214.2K",
        "214.9K",
        "215K",
        "216.4K",
        "216.8K",
        "217.3K",
        "217.8K",
        "218.1K",
        "218.9K",
        "219.5K",
        "219K",
        "220.7K",
        "220K",
        "222.1K",
        "223.3K",
        "224.3K",
        "225.3K",
        "225.6K",
        "225.8K",
        "226.4K",
        "226.5K",
        "226.8K",
        "227.7K",
        "227.9K",
        "228.5K",
        "228.9K",
        "229.7K",
        "230.5K",
        "231.4K",
        "232.1K",
        "233.5K",
        "233.7K",
        "234.1K",
        "234.2K",
        "234.7K",
        "234.9K",
        "234K",
        "235.9K",
        "236.1K",
        "237.7K",
        "238.2K",
        "238.5K",
        "240.1K",
        "240.8K",
        "243.2K",
        "245.3K",
        "246.4K",
        "247.3K",
        "247K",
        "248.2K",
        "248.9K",
        "249.9K",
        "251.6K",
        "252.4K",
        "252.6K",
        "253.1K",
        "253.9K",
        "255.6K",
        "255.7K",
        "257.2K",
        "258.5K",
        "259.1K",
        "259.5K",
        "259.6K",
        "259.7K",
        "260.2K",
        "262.4K",
        "263.7K",
        "263K",
        "264.1K",
        "264.5K",
        "264K",
        "265.4K",
        "266.4K",
        "266.7K",
        "266.8K",
        "267.2K",
        "267.4K",
        "267.5K",
        "267.7K",
        "267.8K",
        "267K",
        "269.4K",
        "269.6K",
        "269.7K",
        "271.1K",
        "271.8K",
        "272.4K",
        "273.4K",
        "274.8K",
        "274K",
        "275.9K",
        "275K",
        "277.1K",
        "277.6K",
        "277K",
        "278.8K",
        "279.3K",
        "279.9K",
        "280.5K",
        "280.8K",
        "281.2K",
        "281.6K",
        "281.7K",
        "281.8K",
        "282.8K",
        "283.8K",
        "286.1K",
        "286.4K",
        "289.5K",
        "289.8K",
        "289.9K",
        "29.9K",
        "292.1K",
        "293.8K",
        "294.2K",
        "294K",
        "296.5K",
        "297.1K",
        "297.5K",
        "299.7K",
        "2M",
        "3.2M",
        "3.6M",
        "3.9M",
        "300.3K",
        "300.9K",
        "301.5K",
        "303.5K",
        "304.1K",
        "304.6K",
        "305.4K",
        "305.9K",
        "306.8K",
        "308.1K",
        "309.1K",
        "309.8K",
        "310.9K",
        "311.5K",
        "312.5K",
        "314.5K",
        "315.2K",
        "315.5K",
        "316.6K",
        "316.9K",
        "318.5K",
        "320.1K",
        "320.2K",
        "322.4K",
        "323.2K",
        "324.2K",
        "324.5K",
        "324.7K",
        "325.4K",
        "326.2K",
        "328K",
        "329.9K",
        "330.3K",
        "330.5K",
        "330.9K",
        "333.6K",
        "335.5K",
        "336.5K",
        "336.7K",
        "336.9K",
        "337.9K",
        "338K",
        "339.2K",
        "339.4K",
        "339.6K",
        "34.2K",
        "340.9K",
        "342.3K",
        "342.5K",
        "343K",
        "344.3K",
        "344.4K",
        "344.7K",
        "344.9K",
        "345K",
        "347.4K",
        "347.8K",
        "347K",
        "349.3K",
        "349K",
        "35.5K",
        "350.9K",
        "351K",
        "352.9K",
        "353.4K",
        "355.4K",
        "357.5K",
        "358.1K",
        "358.9K",
        "36.9K",
        "360.7K",
        "362.2K",
        "362.3K",
        "362.4K",
        "362.9K",
        "362K",
        "363.4K",
        "364.1K",
        "364.2K",
        "364.7K",
        "365.3K",
        "366.1K",
        "368.5K",
        "372.2K",
        "372.7K",
        "373.2K",
        "373K",
        "374.4K",
        "377.5K",
        "379.6K",
        "379.8K",
        "379.9K",
        "380.7K",
        "382.2K",
        "384.9K",
        "385.1K",
        "387.2K",
        "388.3K",
        "389.5K",
        "389.6K",
        "390.3K",
        "390.5K",
        "391.1K",
        "391.8K",
        "392.3K",
        "392.6K",
        "393.6K",
        "393.9K",
        "394.8K",
        "396.1K",
        "399.2K",
        "399.6K",
        "3M",
        "4.3M",
        "4.9M",
        "400.1K",
        "400.5K",
        "404.2K",
        "406.4K",
        "407.2K",
        "408.4K",
        "408.9K",
        "41.3K",
        "410K",
        "411.6K",
        "412.1K",
        "412.2K",
        "412.3K",
        "414.3K",
        "414.4K",
        "417.3K",
        "417.9K",
        "418.5K",
        "418.7K",
        "419.8K",
        "421.3K",
        "421.5K",
        "424.3K",
        "424.6K",
        "426.5K",
        "428.1K",
        "428.6K",
        "428.7K",
        "428K",
        "429.8K",
        "430.6K",
        "434.2K",
        "434.7K",
        "435.7K",
        "439K",
        "442.1K",
        "446.3K",
        "446.6K",
        "447.9K",
        "447K",
        "449.7K",
        "452.2K",
        "452.3K",
        "456K",
        "457.4K",
        "459.2K",
        "461.7K",
        "461.9K",
        "463.3K",
        "463.7K",
        "467.4K",
        "468.3K",
        "468.7K",
        "47.8K",
        "471.3K",
        "471.4K",
        "472.5K",
        "472.8K",
        "473.2K",
        "474.8K",
        "475.6K",
        "479.9K",
        "48.4K",
        "48.9K",
        "481.1K",
        "481.3K",
        "481.5K",
        "481K",
        "485.7K",
        "486.6K",
        "487.2K",
        "488.2K",
        "488.4K",
        "489.7K",
        "489.8K",
        "49.4K",
        "491.1K",
        "491.7K",
        "493.3K",
        "493.5K",
        "494.6K",
        "495.5K",
        "499.4K",
        "499.7K",
        "4M",
        "5.2M",
        "5.4M",
        "5.5M",
        "5.7M",
        "501.5K",
        "501.7K",
        "502.1K",
        "502.2K",
        "502.4K",
        "503.1K",
        "506K",
        "507K",
        "509K",
        "51.4K",
        "511.3K",
        "514.9K",
        "515.2K",
        "517.7K",
        "519.3K",
        "520.5K",
        "521.8K",
        "523.3K",
        "525.4K",
        "525.7K",
        "527.9K",
        "528.2K",
        "528.5K",
        "531.6K",
        "533.1K",
        "534.7K",
        "536.8K",
        "537.8K",
        "538.6K",
        "538.9K",
        "539.3K",
        "539.9K",
        "54.6K",
        "540.2K",
        "540.9K",
        "541.4K",
        "542.9K",
        "542K",
        "547.2K",
        "547K",
        "549.9K",
        "55.8K",
        "550.7K",
        "551.2K",
        "553.7K",
        "555.1K",
        "555.7K",
        "556.4K",
        "557.8K",
        "558.5K",
        "559.6K",
        "565.8K",
        "566.2K",
        "566.7K",
        "567.2K",
        "567.8K",
        "568.5K",
        "57.9K",
        "570.1K",
        "571.3K",
        "574.9K",
        "579.2K",
        "579.8K",
        "58.9K",
        "581.1K",
        "585.7K",
        "586.8K",
        "590.8K",
        "592.3K",
        "6.3M",
        "6.9M",
        "60.9K",
        "600.1K",
        "604.1K",
        "604.8K",
        "605.4K",
        "606.1K",
        "606.2K",
        "607.3K",
        "608.7K",
        "613.7K",
        "616.3K",
        "617.1K",
        "618.1K",
        "620K",
        "621.3K",
        "625.4K",
        "628K",
        "63.1K",
        "630.5K",
        "635.3K",
        "636.6K",
        "638.4K",
        "639.6K",
        "64.7K",
        "64.8K",
        "643.5K",
        "65.3K",
        "655.9K",
        "658.4K",
        "659.9K",
        "66.7K",
        "66.9K",
        "660.3K",
        "667.5K",
        "669.1K",
        "67.2K",
        "674.8K",
        "675.1K",
        "677K",
        "678.7K",
        "678.8K",
        "678.9K",
        "679.4K",
        "68.8K",
        "680.8K",
        "682.1K",
        "683.8K",
        "684.3K",
        "684.5K",
        "685.5K",
        "688.6K",
        "690.3K",
        "691.5K",
        "691.6K",
        "694.6K",
        "695.7K",
        "696K",
        "698.2K",
        "699.7K",
        "70.6K",
        "70.7K",
        "700.1K",
        "702.1K",
        "71.1K",
        "71.9K",
        "711.7K",
        "712.4K",
        "719.2K",
        "720.3K",
        "721.9K",
        "725.4K",
        "725.8K",
        "727.5K",
        "729.1K",
        "73.6K",
        "731.7K",
        "737.6K",
        "739.5K",
        "739.8K",
        "74.1K",
        "74.3K",
        "741.7K",
        "743.9K",
        "744.1K",
        "744.2K",
        "75.3K",
        "752.5K",
        "752.9K",
        "753.1K",
        "753.3K",
        "753.4K",
        "753.5K",
        "753.6K",
        "756.6K",
        "758.3K",
        "76.4K",
        "76.8K",
        "76.9K",
        "762.3K",
        "763.5K",
        "765K",
        "768.1K",
        "769.7K",
        "77.1K",
        "77.8K",
        "78.2K",
        "78.4K",
        "79.1K",
        "791.2K",
        "796.2K",
        "798.5K",
        "7M",
        "80.2K",
        "80.8K",
        "806.5K",
        "806.7K",
        "808.8K",
        "81.1K",
        "810.3K",
        "814.8K",
        "819.7K",
        "82.3K",
        "82.5K",
        "823.7K",
        "826.5K",
        "828.3K",
        "82K",
        "83.7K",
        "83.8K",
        "831K",
        "833.1K",
        "835K",
        "836.5K",
        "838K",
        "84.2K",
        "840.1K",
        "840.2K",
        "842.7K",
        "845.4K",
        "85.7K",
        "85.8K",
        "851.2K",
        "859.1K",
        "861.5K",
        "863.9K",
        "869.2K",
        "87.3K",
        "87.8K",
        "872.1K",
        "873.5K",
        "873.7K",
        "877.3K",
        "89.6K",
        "891.4K",
        "892.2K",
        "9.9M",
        "904.6K",
        "907.2K",
        "909.2K",
        "909.7K",
        "909.8K",
        "91.3K",
        "91.4K",
        "911.4K",
        "915.5K",
        "919.9K",
        "91K",
        "92.3K",
        "923.9K",
        "926.6K",
        "92K",
        "93.1K",
        "930.3K",
        "931.7K",
        "933.1K",
        "938.2K",
        "938.5K",
        "94.5K",
        "949.9K",
        "95.7K",
        "95.8K",
        "95.9K",
        "950.4K",
        "96.5K",
        "961.1K",
        "965.6K",
        "97.3K",
        "973.8K",
        "973.9K",
        "979.6K",
        "98.2K",
        "98.8K",
        "99.5K",
        "990.9K"
      ]
    },
    "Engagement Avg.": {
      "type": "LabelEncoder",
      "classes": [
        "1.1M",
        "1.2M",
        "1.3M",
        "1.4M",
        "1.5M",
        "1.6M",
        "1.7M",
        "1.8M",
        "1.9M",
        "10.4M",
        "100.8K",
        "101.4K",
        "103K",
        "105.1K",
        "105.3K",
        "105.7K",
        "105.9K",
        "106K",
        "107.2K",
        "108.3K",
        "108.6K",
        "109.7K",
        "11.8M",
        "111.6K",
        "113.6K",
        "116.7K",
        "117.1K",
        "117.4K",
        "117.7K",
        "117.8K",
        "118.1K",
        "122.2K",
        "123.4K",
        "125.3K",
        "125.6K",
        "127.3K",
        "128.4K",
        "129.1K",
        "129.2K",
        "129.6K",
        "129.7K",
        "13.3M",
        "131.2K",
        "132.8K",
        "133.6K",
        "134.5K",
        "135.5K",
        "136.6K",
        "136.7K",
        "136.8K",
        "137.6K",
        "139.1K",
        "139.8K",
        "139K",
        "140.4K",
        "140.8K",
        "143.4K",
        "145.2K",
        "145K",
        "146K",
        "147.7K",
        "148.2K",
        "148.4K",
        "148.8K",
        "149.3K",
        "149.4K",
        "150.8K",
        "150K",
        "152.5K",
        "152.6K",
        "153.8K",
        "154.4K",
        "155.2K",
        "155.3K",
        "155.5K",
        "155.9K",
        "156.1K",
        "156.8K",
        "157.6K",
        "158.3K",
        "158.4K",
        "159.4K",
        "159.8K",
        "159K",
        "160.2K",
        "160.7K",
        "160.9K",
        "162.6K",
        "162.8K",
        "162.9K",
        "163.6K",
        "163K",
        "164.1K",
        "164.4K",
        "166.5K",
        "166.6K",
        "166.8K",
        "168.1K",
        "168.3K",
        "168.6K",
        "169.5K",
        "171K",
        "172.8K",
        "173.7K",
        "177.1K",
        "177.9K",
        "178.9K",
        "179.4K",
        "179.7K",
        "180.3K",
        "180.9K",
        "181.8K",
        "183K",
        "185.4K",
        "185.5K",
        "186.3K",
        "186.4K",
        "187.8K",
        "188.4K",
        "188.5K",
        "188.8K",
        "189.3K",
        "189.4K",
        "190.6K",
        "191.7K",
        "191.8K",
        "192.3K",
        "192.7K",
        "193.2K",
        "195.2K",
        "195.4K",
        "196.7K",
        "196.8K",
        "197.2K",
        "197.8K",
        "198.8K",
        "198K",
        "1M",
        "2.1M",
        "2.2M",
        "2.3M",
        "2.4M",
        "2.5M",
        "2.6M",
        "2.7M",
        "2.8M",
        "2.9M",
        "200.4K",
        "200.7K",
        "200K",
        "201.4K",
        "201.6K",
        "201.9K",
        "202.8K",
        "203.6K",
        "205.3K",
        "205.5K",
        "205.9K",
        "206.1K",
        "206.5K",
        "207.4K",
        "207.5K",
        "207.7K",
        "208.1K",
        "21.1K",
        "210.2K",
        "210.6K",
        "211.9K",
        "212.9K",
        "213.1K",
        "213.4K",
        "214.2K",
        "214.4K",
        "214K",
        "215.1K",
        "215.7K",
        "216.3K",
        "216.9K",
        "217.1K",
        "218.9K",
        "219.3K",
        "219.8K",
        "220.6K",
        "220.9K",
        "220K",
        "221.4K",
        "222.3K",
        "222.5K",
        "222.6K",
        "222K",
        "223.5K",
        "224.2K",
        "225.4K",
        "226.5K",
        "226.6K",
        "227.9K",
        "229.3K",
        "230.1K",
        "230.5K",
        "230.9K",
        "231.5K",
        "231.8K",
        "232.3K",
        "233.3K",
        "233.4K",
        "234.1K",
        "235.1K",
        "236.2K",
        "236.4K",
        "236.5K",
        "236K",
        "237.5K",
        "237.7K",
        "238.7K",
        "239.4K",
        "239.6K",
        "240.1K",
        "240.4K",
        "240.5K",
        "241.7K",
        "242.6K",
        "243.1K",
        "245.4K",
        "246.7K",
        "247.4K",
        "247.6K",
        "248.8K",
        "248.9K",
        "248K",
        "249.1K",
        "249.6K",
        "250.7K",
        "251K",
        "252.1K",
        "252.2K",
        "252.5K",
        "253.1K",
        "256.1K",
        "256.3K",
        "256.7K",
        "256.9K",
        "256K",
        "257.1K",
        "257.7K",
        "258.7K",
        "259.6K",
        "261.5K",
        "261.8K",
        "262.4K",
        "262.5K",
        "262K",
        "264.7K",
        "264.8K",
        "265.4K",
        "267.1K",
        "268K",
        "269.2K",
        "269.5K",
        "269.6K",
        "270.3K",
        "270.8K",
        "271.3K",
        "271.4K",
        "271K",
        "272.3K",
        "273.9K",
        "274K",
        "275.2K",
        "275.4K",
        "275.5K",
        "275.9K",
        "276.2K",
        "277.6K",
        "278.4K",
        "279.2K",
        "279.5K",
        "280.3K",
        "280.7K",
        "282.1K",
        "282.2K",
        "282.5K",
        "283.6K",
        "283.7K",
        "283.9K",
        "284.3K",
        "284.4K",
        "284.7K",
        "287.6K",
        "288.2K",
        "289.8K",
        "290.3K",
        "293.8K",
        "295.2K",
        "295.7K",
        "295.9K",
        "297.7K",
        "297.8K",
        "298.3K",
        "299.5K",
        "2M",
        "3.1M",
        "3.2M",
        "3.3M",
        "3.4M",
        "3.5M",
        "3.7M",
        "3.8M",
        "3.9M",
        "300.5K",
        "304.7K",
        "305.9K",
        "306.7K",
        "309.2K",
        "309.6K",
        "310.4K",
        "312.5K",
        "313.5K",
        "313.8K",
        "313K",
        "314.5K",
        "314.7K",
        "315.2K",
        "315.7K",
        "315.8K",
        "316.1K",
        "316.7K",
        "318.5K",
        "318.8K",
        "318.9K",
        "319.7K",
        "320.3K",
        "321.2K",
        "322.1K",
        "322.4K",
        "323.2K",
        "324.2K",
        "324.4K",
        "324.8K",
        "326.7K",
        "326.9K",
        "328K",
        "330.3K",
        "330.8K",
        "331.3K",
        "331.6K",
        "333.3K",
        "334.2K",
        "334.7K",
        "335.5K",
        "337.4K",
        "337.5K",
        "337.8K",
        "338.1K",
        "338.6K",
        "338K",
        "339.5K",
        "339.9K",
        "339K",
        "340.9K",
        "341.7K",
        "342.5K",
        "342.8K",
        "342K",
        "343.3K",
        "343K",
        "346.5K",
        "349.3K",
        "350.1K",
        "350.5K",
        "352.9K",
        "353.7K",
        "354.7K",
        "358.3K",
        "358.5K",
        "359.1K",
        "360.4K",
        "360.5K",
        "360.6K",
        "361.2K",
        "365.5K",
        "365.6K",
        "365K",
        "366.2K",
        "366.4K",
        "366K",
        "370.6K",
        "373.3K",
        "373.9K",
        "374.4K",
        "374.6K",
        "374.9K",
        "375.3K",
        "375.7K",
        "376.2K",
        "376.6K",
        "377.3K",
        "378.2K",
        "378.6K",
        "379.4K",
        "379.8K",
        "381.9K",
        "382.5K",
        "383.3K",
        "383.6K",
        "383K",
        "385.7K",
        "385.9K",
        "386.6K",
        "387.1K",
        "387.7K",
        "389.5K",
        "389.7K",
        "389K",
        "390.1K",
        "390.7K",
        "391.8K",
        "391K",
        "392.1K",
        "393.2K",
        "393.9K",
        "395.2K",
        "395.8K",
        "395K",
        "396.5K",
        "396.9K",
        "397.1K",
        "398.2K",
        "4.1M",
        "4.3M",
        "4.5M",
        "4.6M",
        "4.8M",
        "4.9M",
        "400.1K",
        "400.3K",
        "401.7K",
        "402.5K",
        "402.9K",
        "403.6K",
        "403.7K",
        "403.9K",
        "404.2K",
        "404.7K",
        "406.4K",
        "408.6K",
        "408.7K",
        "409.9K",
        "410.2K",
        "412.1K",
        "412.7K",
        "414.5K",
        "414K",
        "415.8K",
        "416.3K",
        "416K",
        "419.6K",
        "420.2K",
        "420.3K",
        "421.4K",
        "422.7K",
        "422.9K",
        "422K",
        "423.6K",
        "424.1K",
        "424.3K",
        "427.1K",
        "431.5K",
        "433.1K",
        "433.6K",
        "434.3K",
        "436.9K",
        "438.1K",
        "438.3K",
        "439.5K",
        "441.3K",
        "441K",
        "442K",
        "444.8K",
        "446.2K",
        "446.8K",
        "449.2K",
        "449.4K",
        "45.3K",
        "452.1K",
        "453.7K",
        "460.1K",
        "460.9K",
        "461.1K",
        "461.9K",
        "462.1K",
        "464.5K",
        "465.2K",
        "465.3K",
        "467.9K",
        "468.8K",
        "470.7K",
        "470.9K",
        "471.9K",
        "474.1K",
        "474.8K",
        "475.1K",
        "475.5K",
        "478.5K",
        "479.5K",
        "479.8K",
        "481.4K",
        "482.2K",
        "482.6K",
        "483.3K",
        "485.5K",
        "486K",
        "488.2K",
        "489.8K",
        "49.8K",
        "490.9K",
        "491.5K",
        "491.8K",
        "494.3K",
        "496.7K",
        "497.2K",
        "499.5K",
        "499.7K",
        "5.2M",
        "5.4M",
        "5.6M",
        "5.8M",
        "502.2K",
        "504.4K",
        "507.3K",
        "510.7K",
        "511.5K",
        "517.9K",
        "518.2K",
        "518.3K",
        "518.9K",
        "52.3K",
        "52.5K",
        "520.8K",
        "522.6K",
        "524.4K",
        "524.5K",
        "528.4K",
        "528.6K",
        "531K",
        "532.6K",
        "534.9K",
        "535.5K",
        "537.1K",
        "538.6K",
        "539K",
        "541K",
        "542.6K",
        "545.5K",
        "547.6K",
        "548.1K",
        "549.8K",
        "550.7K",
        "551.1K",
        "551.7K",
        "551.9K",
        "556K",
        "557.7K",
        "558K",
        "559.8K",
        "560.6K",
        "561.7K",
        "563.4K",
        "563.7K",
        "566.2K",
        "567K",
        "569.1K",
        "570.3K",
        "570.4K",
        "571.5K",
        "574K",
        "577.4K",
        "577.7K",
        "577.9K",
        "579.2K",
        "58.5K",
        "581.3K",
        "583.1K",
        "584.2K",
        "584.6K",
        "585.1K",
        "586.7K",
        "587.5K",
        "588K",
        "589.8K",
        "591.2K",
        "598.3K",
        "598.8K",
        "599.2K",
        "6.6M",
        "6.9M",
        "600.8K",
        "601K",
        "602.1K",
        "602.8K",
        "603.3K",
        "605.9K",
        "605K",
        "607.3K",
        "607K",
        "608.3K",
        "610.9K",
        "611.6K",
        "611.8K",
        "611K",
        "613.7K",
        "614.3K",
        "616.3K",
        "619.6K",
        "621.4K",
        "621.8K",
        "622.1K",
        "622.5K",
        "624.4K",
        "624.9K",
        "625.7K",
        "626.1K",
        "626.7K",
        "626.9K",
        "627.3K",
        "628.4K",
        "630.3K",
        "630.4K",
        "631.5K",
        "633.3K",
        "634.4K",
        "634K",
        "636K",
        "638K",
        "640.4K",
        "641.3K",
        "643K",
        "646.4K",
        "647K",
        "648.7K",
        "649.5K",
        "650K",
        "651.7K",
        "651K",
        "654.9K",
        "660.2K",
        "662.4K",
        "665.1K",
        "666.3K",
        "668.3K",
        "669.3K",
        "671.6K",
        "673.9K",
        "675.7K",
        "676.7K",
        "677.8K",
        "678.6K",
        "678.8K",
        "679.7K",
        "681.1K",
        "683.1K",
        "684K",
        "685.6K",
        "685.8K",
        "687.6K",
        "687.7K",
        "687K",
        "688.5K",
        "68K",
        "69.8K",
        "692.2K",
        "694.6K",
        "696.7K",
        "697.7K",
        "699.8K",
        "6M",
        "7.3M",
        "705.7K",
        "707.1K",
        "709.2K",
        "712.1K",
        "714.3K",
        "719.4K",
        "72.2K",
        "72.3K",
        "72.7K",
        "720.2K",
        "724.2K",
        "724K",
        "727.9K",
        "730K",
        "736.1K",
        "738.8K",
        "740K",
        "741.5K",
        "741.7K",
        "743.2K",
        "743.5K",
        "744.3K",
        "745.4K",
        "747.1K",
        "754.7K",
        "757.2K",
        "759.9K",
        "763K",
        "766.6K",
        "767.8K",
        "77.3K",
        "77.5K",
        "770.1K",
        "771.8K",
        "772.1K",
        "776.3K",
        "777K",
        "779.5K",
        "780.4K",
        "780.7K",
        "783.8K",
        "784.1K",
        "786.3K",
        "787.4K",
        "793.7K",
        "794K",
        "798.4K",
        "7M",
        "8.3M",
        "801.6K",
        "803.9K",
        "807K",
        "811.9K",
        "812.7K",
        "813.2K",
        "813.9K",
        "815.8K",
        "825.8K",
        "829K",
        "831.4K",
        "832.2K",
        "832.7K",
        "832K",
        "834K",
        "836.5K",
        "837.2K",
        "837K",
        "839.2K",
        "840.6K",
        "848.7K",
        "849.2K",
        "85.3K",
        "85.5K",
        "850.1K",
        "850.2K",
        "852.1K",
        "852.4K",
        "852.8K",
        "853K",
        "855.2K",
        "855.4K",
        "859K",
        "862.3K",
        "865.9K",
        "866.6K",
        "876K",
        "879.1K",
        "88.1K",
        "880.4K",
        "883.9K",
        "885.8K",
        "887.8K",
        "892.3K",
        "895K",
        "9.9M",
        "90.5K",
        "901.1K",
        "901K",
        "904.1K",
        "906.7K",
        "91.1K",
        "910.2K",
        "910.3K",
        "911.9K",
        "913.7K",
        "914.3K",
        "918.1K",
        "918.6K",
        "923.3K",
        "926.9K",
        "926K",
        "928.8K",
        "93.3K",
        "932.8K",
        "935.8K",
        "936K",
        "944.6K",
        "944K",
        "947.1K",
        "949.4K",
        "95.8K",
        "952.4K",
        "955.4K",
        "956.8K",
        "957.2K",
        "959.7K",
        "960.7K",
        "967.7K",
        "97.6K",
        "97.8K",
        "972.3K",
        "974K",
        "998.2K"
      ]
    }
  },
  "scalers": {},
  "imputers": {
    "Rank": {
      "strategy": "median",
      "fill_value": 500.5
    }
  }
}